{"mean":{"confidence_interval":{"confidence_level":0.95,"lower_bound":0.034428553780351645,"upper_bound":0.08671449099190764},"point_estimate":0.06081267725408046,"standard_error":0.013287876531852524},"median":{"confidence_interval":{"confidence_level":0.95,"lower_bound":0.05207550158930485,"upper_bound":0.10108973604253646},"point_estimate":0.07099455444901959,"standard_error":0.012621673586916187}}