{"mean":{"confidence_interval":{"confidence_level":0.95,"lower_bound":-0.03858673693377712,"upper_bound":-0.0011716132858115014},"point_estimate":-0.01992015558788507,"standard_error":0.009577790977011802},"median":{"confidence_interval":{"confidence_level":0.95,"lower_bound":-0.020359854757663554,"upper_bound":0.012986951701758747},"point_estimate":-0.003987090751962685,"standard_error":0.00835715032861099}}