{"mean":{"confidence_interval":{"confidence_level":0.95,"lower_bound":-0.01631131167179706,"upper_bound":0.029786249426095524},"point_estimate":0.007230870222756591,"standard_error":0.011777477653451864},"median":{"confidence_interval":{"confidence_level":0.95,"lower_bound":-0.02006917599102217,"upper_bound":0.022157934140487834},"point_estimate":-0.0009743754602858923,"standard_error":0.010604108536767623}}