{"mean":{"confidence_interval":{"confidence_level":0.95,"lower_bound":-0.03297645903058167,"upper_bound":-0.004847767228053765},"point_estimate":-0.019061480915386064,"standard_error":0.007083322167827133},"median":{"confidence_interval":{"confidence_level":0.95,"lower_bound":-0.02933736706085599,"upper_bound":-0.008864182941799359},"point_estimate":-0.018753796927488353,"standard_error":0.005209478785125151}}