{"mean":{"confidence_interval":{"confidence_level":0.95,"lower_bound":-0.04736566995851392,"upper_bound":-0.0038678346814023947},"point_estimate":-0.02686709685478461,"standard_error":0.011037080945034642},"median":{"confidence_interval":{"confidence_level":0.95,"lower_bound":-0.03463632918020501,"upper_bound":-0.00048239396716320826},"point_estimate":-0.0211402149481682,"standard_error":0.008330500706225461}}