{"mean":{"confidence_interval":{"confidence_level":0.95,"lower_bound":176.7031019810437,"upper_bound":182.49746602274953},"point_estimate":179.54651864411144,"standard_error":1.4801587549405952},"median":{"confidence_interval":{"confidence_level":0.95,"lower_bound":173.2591137306265,"upper_bound":180.12355147452803},"point_estimate":175.19350444231986,"standard_error":1.8282574614456326},"median_abs_dev":{"confidence_interval":{"confidence_level":0.95,"lower_bound":10.463192129580497,"upper_bound":17.23846038581609},"point_estimate":13.285301796953686,"standard_error":1.7846051096904352},"slope":{"confidence_interval":{"confidence_level":0.95,"lower_bound":174.21938177971583,"upper_bound":182.0716341581963},"point_estimate":178.03457873277577,"standard_error":2.005546879140816},"std_dev":{"confidence_interval":{"confidence_level":0.95,"lower_bound":12.479709614499948,"upper_bound":17.048229593206834},"point_estimate":14.898049502024099,"standard_error":1.1675790846494387}}