{"mean":{"confidence_interval":{"confidence_level":0.95,"lower_bound":-0.07097368307031947,"upper_bound":-0.019116896372697596},"point_estimate":-0.045744365773467965,"standard_error":0.013220033379721352},"median":{"confidence_interval":{"confidence_level":0.95,"lower_bound":-0.06503895890973115,"upper_bound":-0.030724799011641823},"point_estimate":-0.04606331771529726,"standard_error":0.009318301899832244}}